{
  "mlm_loss_history": [
    2.4585130042948964
  ],
  "cls_history": {
    "train_loss": [
      1.8611655679989758,
      0.9590225319223344,
      0.7325487346111047
    ],
    "val_acc": [
      0.6952296819787986,
      0.7279151943462897,
      0.7367491166077739
    ],
    "val_f1": [
      0.6655141514709452,
      0.7080478921450745,
      0.714749614810051
    ]
  },
  "test_acc": 0.6911842804036112,
  "test_f1_macro": 0.6678753825763913
}